ADA-Record,archives,blago,Developer Kit,DPP Failure Plan,Google Photos,han-things,Interesting info,IR Multispectral,kmfe,medical,misc,NGA Testing,NGA Testing (1),nSynergies,nu,path,People,Photos,Possibly China Pictures,Programming projects,Pulsetor,Resume,Rutgers,S&M,spectrum-viewer-installer,ssrl,Taxes,Taxes 2018,Temple,xg
0719171707a.jpg,,,,,,,,,,,,,,,,,,,,,,,,,,,,,,
0719171708.jpg,,,,,,,,,,,,,,,,,,,,,,,,,,,,,,
0719171708a.jpg,,,,,,,,,,,,,,,,,,,,,,,,,,,,,,
12-1461P-01A.pdf,,,,,,,,,,,,,,,,,,,,,,,,,,,,,,
1387.pdf,,,,,,,,,,,,,,,,,,,,,,,,,,,,,,
17-1145-1682465.pdf,,,,,,,,,,,,,,,,,,,,,,,,,,,,,,
17_notes.docx,,,,,,,,,,,,,,,,,,,,,,,,,,,,,,
2016-06-29.jpg,,,,,,,,,,,,,,,,,,,,,,,,,,,,,,
24.list,,,,,,,,,,,,,,,,,,,,,,,,,,,,,,
5274 Text Edit.pdf,,,,,,,,,,,,,,,,,,,,,,,,,,,,,,
A spectrum from John.xlsx,,,,,,,,,,,,,,,,,,,,,,,,,,,,,,
Addons.docx,,,,,,,,,,,,,,,,,,,,,,,,,,,,,,
all-commands.txt,,,,,,,,,,,,,,,,,,,,,,,,,,,,,,
all.txt.pdf,,,,,,,,,,,,,,,,,,,,,,,,,,,,,,
amazon-private-key.ppk,,,,,,,,,,,,,,,,,,,,,,,,,,,,,,
anagrams.list,,,,,,,,,,,,,,,,,,,,,,,,,,,,,,
bird.jpg,,,,,,,,,,,,,,,,,,,,,,,,,,,,,,
Blah.docx,,,,,,,,,,,,,,,,,,,,,,,,,,,,,,
Checklist.docx,,,,,,,,,,,,,,,,,,,,,,,,,,,,,,
children-need-a-helping-hand.docx,,,,,,,,,,,,,,,,,,,,,,,,,,,,,,
Christmas 2017.zip,,,,,,,,,,,,,,,,,,,,,,,,,,,,,,
CodeCogsEqn.pdf,,,,,,,,,,,,,,,,,,,,,,,,,,,,,,
CodeCogsEqn.wmf,,,,,,,,,,,,,,,,,,,,,,,,,,,,,,
CodeCogsEqn.wmf,,,,,,,,,,,,,,,,,,,,,,,,,,,,,,
Comparative Insertion.docx,,,,,,,,,,,,,,,,,,,,,,,,,,,,,,
Comparative Notes.docx,,,,,,,,,,,,,,,,,,,,,,,,,,,,,,
Copy of Emotional Labor Assessment.docx,,,,,,,,,,,,,,,,,,,,,,,,,,,,,,
Copy of Flowchart Stencils ／ Template.svg,,,,,,,,,,,,,,,,,,,,,,,,,,,,,,
Copy of Flowchart Stencils ／ Template.svg,,,,,,,,,,,,,,,,,,,,,,,,,,,,,,
Copy of Send to Google Drive v2.0 .xlsx,,,,,,,,,,,,,,,,,,,,,,,,,,,,,,
Copy of Untitled Diagram.html,,,,,,,,,,,,,,,,,,,,,,,,,,,,,,
CP2009 Practice.docx,,,,,,,,,,,,,,,,,,,,,,,,,,,,,,
CP2010 Practice.docx,,,,,,,,,,,,,,,,,,,,,,,,,,,,,,
CP2012 Practice.docx,,,,,,,,,,,,,,,,,,,,,,,,,,,,,,
CP2013Practice.docx,,,,,,,,,,,,,,,,,,,,,,,,,,,,,,
CP2015 Practice.docx,,,,,,,,,,,,,,,,,,,,,,,,,,,,,,
cs-111-1.zip,,,,,,,,,,,,,,,,,,,,,,,,,,,,,,
czech-periodic-table.gif,,,,,,,,,,,,,,,,,,,,,,,,,,,,,,
dante-0.5.18-py2-none-any.whl,,,,,,,,,,,,,,,,,,,,,,,,,,,,,,
dantepythondemo-0.5.23-py2-none-any.whl,,,,,,,,,,,,,,,,,,,,,,,,,,,,,,
dantepythondemo-0.5.24-py2-none-any.whl,,,,,,,,,,,,,,,,,,,,,,,,,,,,,,
dantepythondemo-0.5.25-py2-none-any.whl,,,,,,,,,,,,,,,,,,,,,,,,,,,,,,
data.zip,,,,,,,,,,,,,,,,,,,,,,,,,,,,,,
DeadTimeTest.txt,,,,,,,,,,,,,,,,,,,,,,,,,,,,,,
DeadTimeTest.txt,,,,,,,,,,,,,,,,,,,,,,,,,,,,,,
default-956cc3_2.10-0.1-SNAPSHOT.min.jar,,,,,,,,,,,,,,,,,,,,,,,,,,,,,,
diagram.emf,,,,,,,,,,,,,,,,,,,,,,,,,,,,,,
diagram.pptx,,,,,,,,,,,,,,,,,,,,,,,,,,,,,,
diagram.pptx.pptx,,,,,,,,,,,,,,,,,,,,,,,,,,,,,,
diagram.svg,,,,,,,,,,,,,,,,,,,,,,,,,,,,,,
diagram.wmf,,,,,,,,,,,,,,,,,,,,,,,,,,,,,,
diagram.wmf.svg,,,,,,,,,,,,,,,,,,,,,,,,,,,,,,
dictionary,,,,,,,,,,,,,,,,,,,,,,,,,,,,,,
dl.17-1322.17-1322_02_06_2018.mp3,,,,,,,,,,,,,,,,,,,,,,,,,,,,,,
ducky.zip,,,,,,,,,,,,,,,,,,,,,,,,,,,,,,
e.png,,,,,,,,,,,,,,,,,,,,,,,,,,,,,,
ectopic.pdf,,,,,,,,,,,,,,,,,,,,,,,,,,,,,,
edges.csv,,,,,,,,,,,,,,,,,,,,,,,,,,,,,,
edges.csv.xlsx,,,,,,,,,,,,,,,,,,,,,,,,,,,,,,
edges.xlsx,,,,,,,,,,,,,,,,,,,,,,,,,,,,,,
edges.xlsx.xlsx,,,,,,,,,,,,,,,,,,,,,,,,,,,,,,
Editing checklist.docx,,,,,,,,,,,,,,,,,,,,,,,,,,,,,,
ellbur-2.zip,,,,,,,,,,,,,,,,,,,,,,,,,,,,,,
ellbur-wiki.zip,,,,,,,,,,,,,,,,,,,,,,,,,,,,,,
Email 4.docx,,,,,,,,,,,,,,,,,,,,,,,,,,,,,,
Eng.m4v,,,,,,,,,,,,,,,,,,,,,,,,,,,,,,
Expressive association.docx,,,,,,,,,,,,,,,,,,,,,,,,,,,,,,
File01.EMF,,,,,,,,,,,,,,,,,,,,,,,,,,,,,,
File_000.jpeg,,,,,,,,,,,,,,,,,,,,,,,,,,,,,,
File_000.jpeg,,,,,,,,,,,,,,,,,,,,,,,,,,,,,,
File_000.jpeg,,,,,,,,,,,,,,,,,,,,,,,,,,,,,,
File_001.jpeg,,,,,,,,,,,,,,,,,,,,,,,,,,,,,,
File_001.jpeg,,,,,,,,,,,,,,,,,,,,,,,,,,,,,,
File_001.jpeg,,,,,,,,,,,,,,,,,,,,,,,,,,,,,,
File_002.jpeg,,,,,,,,,,,,,,,,,,,,,,,,,,,,,,
File_002.jpeg,,,,,,,,,,,,,,,,,,,,,,,,,,,,,,
File_002.jpeg,,,,,,,,,,,,,,,,,,,,,,,,,,,,,,
File_003.jpeg,,,,,,,,,,,,,,,,,,,,,,,,,,,,,,
File_003.jpeg,,,,,,,,,,,,,,,,,,,,,,,,,,,,,,
File_003.jpeg,,,,,,,,,,,,,,,,,,,,,,,,,,,,,,
File_004.jpeg,,,,,,,,,,,,,,,,,,,,,,,,,,,,,,
File_004.jpeg,,,,,,,,,,,,,,,,,,,,,,,,,,,,,,
File_004.jpeg,,,,,,,,,,,,,,,,,,,,,,,,,,,,,,
File_005.jpeg,,,,,,,,,,,,,,,,,,,,,,,,,,,,,,
File_005.jpeg,,,,,,,,,,,,,,,,,,,,,,,,,,,,,,
File_006.jpeg,,,,,,,,,,,,,,,,,,,,,,,,,,,,,,
File_007.jpeg,,,,,,,,,,,,,,,,,,,,,,,,,,,,,,
File_008.jpeg,,,,,,,,,,,,,,,,,,,,,,,,,,,,,,
FIRST-Saliba morning show.wmv,,,,,,,,,,,,,,,,,,,,,,,,,,,,,,
first.zip,,,,,,,,,,,,,,,,,,,,,,,,,,,,,,
Fixing lexis long polling.docx,,,,,,,,,,,,,,,,,,,,,,,,,,,,,,
flock-with-aimei.png,,,,,,,,,,,,,,,,,,,,,,,,,,,,,,
fractals.zip,,,,,,,,,,,,,,,,,,,,,,,,,,,,,,
Free Woman,,,,,,,,,,,,,,,,,,,,,,,,,,,,,,
From Library Annex:.docx,,,,,,,,,,,,,,,,,,,,,,,,,,,,,,
Future Interest Questions.docx,,,,,,,,,,,,,,,,,,,,,,,,,,,,,,
FutureInterest Chart.doc,,,,,,,,,,,,,,,,,,,,,,,,,,,,,,
FutureInterest Chart.doc.docx,,,,,,,,,,,,,,,,,,,,,,,,,,,,,,
Genetec Video Player.exe,,,,,,,,,,,,,,,,,,,,,,,,,,,,,,
graphs.docx,,,,,,,,,,,,,,,,,,,,,,,,,,,,,,
Group and Password Information.xlsx,,,,,,,,,,,,,,,,,,,,,,,,,,,,,,
Group and Password Information.xlsx.xlsx,,,,,,,,,,,,,,,,,,,,,,,,,,,,,,
Han & Owen.xlsx,,,,,,,,,,,,,,,,,,,,,,,,,,,,,,
Healy Memo 2 Research Report.docx,,,,,,,,,,,,,,,,,,,,,,,,,,,,,,
Healy Owen 201702142043310370.pdf,,,,,,,,,,,,,,,,,,,,,,,,,,,,,,
himc_api.py,,,,,,,,,,,,,,,,,,,,,,,,,,,,,,
HIWIN Ethernet before changing it.docx,,,,,,,,,,,,,,,,,,,,,,,,,,,,,,
HONHOUS1.docx,,,,,,,,,,,,,,,,,,,,,,,,,,,,,,
horiba-blob-2.png,,,,,,,,,,,,,,,,,,,,,,,,,,,,,,
horiba-blob.png,,,,,,,,,,,,,,,,,,,,,,,,,,,,,,
horiba-inductor-2.png,,,,,,,,,,,,,,,,,,,,,,,,,,,,,,
horiba-inductor-3.png,,,,,,,,,,,,,,,,,,,,,,,,,,,,,,
horiba-inductor.png,,,,,,,,,,,,,,,,,,,,,,,,,,,,,,
horiba-pwr-connector-2.png,,,,,,,,,,,,,,,,,,,,,,,,,,,,,,
horiba-pwr-connector.png,,,,,,,,,,,,,,,,,,,,,,,,,,,,,,
i.png,,,,,,,,,,,,,,,,,,,,,,,,,,,,,,
iA Studio 1.1.3772.1.msi,,,,,,,,,,,,,,,,,,,,,,,,,,,,,,
iA Studio_1.0.2487.0.msi,,,,,,,,,,,,,,,,,,,,,,,,,,,,,,
iacbf.zip,,,,,,,,,,,,,,,,,,,,,,,,,,,,,,
images for Brad.zip,,,,,,,,,,,,,,,,,,,,,,,,,,,,,,
IMG_0184.JPG,,,,,,,,,,,,,,,,,,,,,,,,,,,,,,
IMG_1180.jpg,,,,,,,,,,,,,,,,,,,,,,,,,,,,,,
IMG_2840.JPG,,,,,,,,,,,,,,,,,,,,,,,,,,,,,,
IMG_2841.JPG,,,,,,,,,,,,,,,,,,,,,,,,,,,,,,
IMG_3849.JPG,,,,,,,,,,,,,,,,,,,,,,,,,,,,,,
IMG_3850.JPG,,,,,,,,,,,,,,,,,,,,,,,,,,,,,,
IMG_3852.JPG,,,,,,,,,,,,,,,,,,,,,,,,,,,,,,
IMG_3853.JPG,,,,,,,,,,,,,,,,,,,,,,,,,,,,,,
IMG_3854.JPG,,,,,,,,,,,,,,,,,,,,,,,,,,,,,,
IMG_3855.JPG,,,,,,,,,,,,,,,,,,,,,,,,,,,,,,
IMG_3856.JPG,,,,,,,,,,,,,,,,,,,,,,,,,,,,,,
IMG_3857.JPG,,,,,,,,,,,,,,,,,,,,,,,,,,,,,,
IMG_3858.JPG,,,,,,,,,,,,,,,,,,,,,,,,,,,,,,
IMG_3859.JPG,,,,,,,,,,,,,,,,,,,,,,,,,,,,,,
IMG_3860.JPG,,,,,,,,,,,,,,,,,,,,,,,,,,,,,,
IMG_3861.JPG,,,,,,,,,,,,,,,,,,,,,,,,,,,,,,
IMG_3862.JPG,,,,,,,,,,,,,,,,,,,,,,,,,,,,,,
IMG_3863.JPG,,,,,,,,,,,,,,,,,,,,,,,,,,,,,,
IMG_3864.JPG,,,,,,,,,,,,,,,,,,,,,,,,,,,,,,
IMG_3865.JPG,,,,,,,,,,,,,,,,,,,,,,,,,,,,,,
IMG_3867.JPG,,,,,,,,,,,,,,,,,,,,,,,,,,,,,,
IMG_3868.JPG,,,,,,,,,,,,,,,,,,,,,,,,,,,,,,
IMG_3869.JPG,,,,,,,,,,,,,,,,,,,,,,,,,,,,,,
IMG_3870.PNG,,,,,,,,,,,,,,,,,,,,,,,,,,,,,,
IMG_3872.JPG,,,,,,,,,,,,,,,,,,,,,,,,,,,,,,
IMG_3873.JPG,,,,,,,,,,,,,,,,,,,,,,,,,,,,,,
IMG_4861.JPG,,,,,,,,,,,,,,,,,,,,,,,,,,,,,,
IMG_4915.JPG,,,,,,,,,,,,,,,,,,,,,,,,,,,,,,
Importado desde Google Bloc de notas - My first notebook.docx,,,,,,,,,,,,,,,,,,,,,,,,,,,,,,
IoS 3.docx,,,,,,,,,,,,,,,,,,,,,,,,,,,,,,
Jeff Toast.docx,,,,,,,,,,,,,,,,,,,,,,,,,,,,,,
jeff-stories-misc.zip,,,,,,,,,,,,,,,,,,,,,,,,,,,,,,
jeff-stort-analysis.zip,,,,,,,,,,,,,,,,,,,,,,,,,,,,,,
JeffersonMSIndustrialDesign - Application Essay - Grace Choi.docx,,,,,,,,,,,,,,,,,,,,,,,,,,,,,,
Kids Relaxation Workbook (1).pdf,,,,,,,,,,,,,,,,,,,,,,,,,,,,,,
Kids Relaxation Workbook.pdf,,,,,,,,,,,,,,,,,,,,,,,,,,,,,,
kmfe-wiki.zip,,,,,,,,,,,,,,,,,,,,,,,,,,,,,,
Letter - Azavea.docx,,,,,,,,,,,,,,,,,,,,,,,,,,,,,,
Letter - Chubb.docx,,,,,,,,,,,,,,,,,,,,,,,,,,,,,,
Letter - Coriel.docx,,,,,,,,,,,,,,,,,,,,,,,,,,,,,,
Letter - Gowen.docx,,,,,,,,,,,,,,,,,,,,,,,,,,,,,,
Letter - Java Job.docx,,,,,,,,,,,,,,,,,,,,,,,,,,,,,,
Letter - Liberty Mutual.docx,,,,,,,,,,,,,,,,,,,,,,,,,,,,,,
Letter - Lincoln Financial.docx,,,,,,,,,,,,,,,,,,,,,,,,,,,,,,
"Letter - McCabe, Weisberg & Conway.docx",,,,,,,,,,,,,,,,,,,,,,,,,,,,,,
Letter - Philadelphia DA.docx,,,,,,,,,,,,,,,,,,,,,,,,,,,,,,
Letter - TE Connectivity.docx,,,,,,,,,,,,,,,,,,,,,,,,,,,,,,
Letter - White and Williams.docx,,,,,,,,,,,,,,,,,,,,,,,,,,,,,,
Letter - Willis Towers Watson.docx,,,,,,,,,,,,,,,,,,,,,,,,,,,,,,
Letter.docx,,,,,,,,,,,,,,,,,,,,,,,,,,,,,,
Letter.docx,,,,,,,,,,,,,,,,,,,,,,,,,,,,,,
Letter.docx,,,,,,,,,,,,,,,,,,,,,,,,,,,,,,
Letter.docx,,,,,,,,,,,,,,,,,,,,,,,,,,,,,,
Levinson_Personnel Changes.docx,,,,,,,,,,,,,,,,,,,,,,,,,,,,,,
lines.png,,,,,,,,,,,,,,,,,,,,,,,,,,,,,,
"M.o. S. Chap, Int. on Sec. 2.docx",,,,,,,,,,,,,,,,,,,,,,,,,,,,,,
Machine 1.svg,,,,,,,,,,,,,,,,,,,,,,,,,,,,,,
map-sharer.zip,,,,,,,,,,,,,,,,,,,,,,,,,,,,,,
map4.HDF5,,,,,,,,,,,,,,,,,,,,,,,,,,,,,,
mapmaker.zip,,,,,,,,,,,,,,,,,,,,,,,,,,,,,,
MarkNoferiTowardsAttenuat.pdf,,,,,,,,,,,,,,,,,,,,,,,,,,,,,,
mask.png,,,,,,,,,,,,,,,,,,,,,,,,,,,,,,
materials project notes.docx,,,,,,,,,,,,,,,,,,,,,,,,,,,,,,
Meoww.svg,,,,,,,,,,,,,,,,,,,,,,,,,,,,,,
MichaelManningACommonLawC.pdf,,,,,,,,,,,,,,,,,,,,,,,,,,,,,,
Microcalorimeter Ideas.docx,,,,,,,,,,,,,,,,,,,,,,,,,,,,,,
missing.docx,,,,,,,,,,,,,,,,,,,,,,,,,,,,,,
missing.docx,,,,,,,,,,,,,,,,,,,,,,,,,,,,,,
missing.docx,,,,,,,,,,,,,,,,,,,,,,,,,,,,,,
MPC-HC.1.7.13.x64.exe,,,,,,,,,,,,,,,,,,,,,,,,,,,,,,
mrcoffee.zip,,,,,,,,,,,,,,,,,,,,,,,,,,,,,,
music-recordings.zip,,,,,,,,,,,,,,,,,,,,,,,,,,,,,,
N.png,,,,,,,,,,,,,,,,,,,,,,,,,,,,,,
N2.png,,,,,,,,,,,,,,,,,,,,,,,,,,,,,,
NC Neighbors (9-14-2006 3-14-40 PM).zip,,,,,,,,,,,,,,,,,,,,,,,,,,,,,,
New Document 1.png,,,,,,,,,,,,,,,,,,,,,,,,,,,,,,
New forms of speech.docx,,,,,,,,,,,,,,,,,,,,,,,,,,,,,,
nga-detector-waveforms-at-nga.zip,,,,,,,,,,,,,,,,,,,,,,,,,,,,,,
nga-detector-waveforms.zip,,,,,,,,,,,,,,,,,,,,,,,,,,,,,,
Nice Font Template.docx,,,,,,,,,,,,,,,,,,,,,,,,,,,,,,
NJTaxes.pdf,,,,,,,,,,,,,,,,,,,,,,,,,,,,,,
no-stars-at-rutgers.zip,,,,,,,,,,,,,,,,,,,,,,,,,,,,,,
notes.docx,,,,,,,,,,,,,,,,,,,,,,,,,,,,,,
Notice,,,,,,,,,,,,,,,,,,,,,,,,,,,,,,
nSynergies Hours.xlsx,,,,,,,,,,,,,,,,,,,,,,,,,,,,,,
nSynergies website.mup,,,,,,,,,,,,,,,,,,,,,,,,,,,,,,
Occupy.docx,,,,,,,,,,,,,,,,,,,,,,,,,,,,,,
officer-krupke.docx,,,,,,,,,,,,,,,,,,,,,,,,,,,,,,
OKL18_amd64.msi,,,,,,,,,,,,,,,,,,,,,,,,,,,,,,
OKL18_i386.msi,,,,,,,,,,,,,,,,,,,,,,,,,,,,,,
OKL18_ia64.msi,,,,,,,,,,,,,,,,,,,,,,,,,,,,,,
OKThisOne.svg,,,,,,,,,,,,,,,,,,,,,,,,,,,,,,
old-boot-partition.zip.foo,,,,,,,,,,,,,,,,,,,,,,,,,,,,,,
ord-to-bwi.pdf,,,,,,,,,,,,,,,,,,,,,,,,,,,,,,
overall scores.xlsx,,,,,,,,,,,,,,,,,,,,,,,,,,,,,,
overall scores.xlsx,,,,,,,,,,,,,,,,,,,,,,,,,,,,,,
Owen Healy form.pdf,,,,,,,,,,,,,,,,,,,,,,,,,,,,,,
Owen Story on discovering I was not retarded.wav,,,,,,,,,,,,,,,,,,,,,,,,,,,,,,
owen-kmfe.zip,,,,,,,,,,,,,,,,,,,,,,,,,,,,,,
OwenKeyboardLayout18.klc,,,,,,,,,,,,,,,,,,,,,,,,,,,,,,
OwenKeyboardLayout19-don't use.klc,,,,,,,,,,,,,,,,,,,,,,,,,,,,,,
OwenKeyboardLayout5.klc,,,,,,,,,,,,,,,,,,,,,,,,,,,,,,
Owl's Den Discovery Plan.docx,,,,,,,,,,,,,,,,,,,,,,,,,,,,,,
P.docx,,,,,,,,,,,,,,,,,,,,,,,,,,,,,,
page1.png,,,,,,,,,,,,,,,,,,,,,,,,,,,,,,
page2.png,,,,,,,,,,,,,,,,,,,,,,,,,,,,,,
page3.png,,,,,,,,,,,,,,,,,,,,,,,,,,,,,,
page4.png,,,,,,,,,,,,,,,,,,,,,,,,,,,,,,
page5.png,,,,,,,,,,,,,,,,,,,,,,,,,,,,,,
PAN-Cover Letter.docx,,,,,,,,,,,,,,,,,,,,,,,,,,,,,,
people-jeff.zip,,,,,,,,,,,,,,,,,,,,,,,,,,,,,,
photos.zip,,,,,,,,,,,,,,,,,,,,,,,,,,,,,,
phrygia.pdf,,,,,,,,,,,,,,,,,,,,,,,,,,,,,,
pictures.zip,,,,,,,,,,,,,,,,,,,,,,,,,,,,,,
"Pile-up ""losses"" correction documents.xlsx",,,,,,,,,,,,,,,,,,,,,,,,,,,,,,
Pileup paper outline.docx,,,,,,,,,,,,,,,,,,,,,,,,,,,,,,
Places to check out.docx,,,,,,,,,,,,,,,,,,,,,,,,,,,,,,
plch.exe,,,,,,,,,,,,,,,,,,,,,,,,,,,,,,
plus.png,,,,,,,,,,,,,,,,,,,,,,,,,,,,,,
Possible Places.docx,,,,,,,,,,,,,,,,,,,,,,,,,,,,,,
problems.zip,,,,,,,,,,,,,,,,,,,,,,,,,,,,,,
project_2.docx,,,,,,,,,,,,,,,,,,,,,,,,,,,,,,
PTread.txt,,,,,,,,,,,,,,,,,,,,,,,,,,,,,,
Public Umbrella Insurance.docx,,,,,,,,,,,,,,,,,,,,,,,,,,,,,,
pulse-processing-slides.pptx,,,,,,,,,,,,,,,,,,,,,,,,,,,,,,
Question 2 Sample Answer.docx,,,,,,,,,,,,,,,,,,,,,,,,,,,,,,
Quote for John Delaney,,,,,,,,,,,,,,,,,,,,,,,,,,,,,,
R - A Surprising Language.docx,,,,,,,,,,,,,,,,,,,,,,,,,,,,,,
rat-fit.zip,,,,,,,,,,,,,,,,,,,,,,,,,,,,,,
recordings.zip,,,,,,,,,,,,,,,,,,,,,,,,,,,,,,
rembrandt.png,,,,,,,,,,,,,,,,,,,,,,,,,,,,,,
Remove me from the list (Responses).xlsx,,,,,,,,,,,,,,,,,,,,,,,,,,,,,,
Rendering process.html,,,,,,,,,,,,,,,,,,,,,,,,,,,,,,
Reslice of Resliceb.tif,,,,,,,,,,,,,,,,,,,,,,,,,,,,,,
Resume - Engineering.docx,,,,,,,,,,,,,,,,,,,,,,,,,,,,,,
Resume - Law.docx,,,,,,,,,,,,,,,,,,,,,,,,,,,,,,
Resume - Maps.docx,,,,,,,,,,,,,,,,,,,,,,,,,,,,,,
Resume - Paralegal.docx,,,,,,,,,,,,,,,,,,,,,,,,,,,,,,
Resume - TA.docx,,,,,,,,,,,,,,,,,,,,,,,,,,,,,,
Resume.odt,,,,,,,,,,,,,,,,,,,,,,,,,,,,,,
Riot.docx,,,,,,,,,,,,,,,,,,,,,,,,,,,,,,
root.png,,,,,,,,,,,,,,,,,,,,,,,,,,,,,,
"Scan Aug 27, 2019 (4).pdf",,,,,,,,,,,,,,,,,,,,,,,,,,,,,,
Scan003.pdf,,,,,,,,,,,,,,,,,,,,,,,,,,,,,,
Scan004.pdf,,,,,,,,,,,,,,,,,,,,,,,,,,,,,,
Scan005.pdf,,,,,,,,,,,,,,,,,,,,,,,,,,,,,,
Scan006.pdf,,,,,,,,,,,,,,,,,,,,,,,,,,,,,,
Scan007.pdf,,,,,,,,,,,,,,,,,,,,,,,,,,,,,,
Scan008.pdf,,,,,,,,,,,,,,,,,,,,,,,,,,,,,,
Scan009.pdf,,,,,,,,,,,,,,,,,,,,,,,,,,,,,,
Scan010.pdf,,,,,,,,,,,,,,,,,,,,,,,,,,,,,,
Scheme.zip,,,,,,,,,,,,,,,,,,,,,,,,,,,,,,
school.zip,,,,,,,,,,,,,,,,,,,,,,,,,,,,,,
section28.xlsx,,,,,,,,,,,,,,,,,,,,,,,,,,,,,,
section28.xlsx,,,,,,,,,,,,,,,,,,,,,,,,,,,,,,
SileadTouch_Package_hampoo_C109S_3680_landscape_activepen_64bit_zhaowei_20160801.zip,,,,,,,,,,,,,,,,,,,,,,,,,,,,,,
slice.zip,,,,,,,,,,,,,,,,,,,,,,,,,,,,,,
SNRcompare.pdf,,,,,,,,,,,,,,,,,,,,,,,,,,,,,,
soe-t-shirt.zip,,,,,,,,,,,,,,,,,,,,,,,,,,,,,,
Software things list.docx,,,,,,,,,,,,,,,,,,,,,,,,,,,,,,
spectrum44_SN01365 - Master.mat_Rev2.mat,,,,,,,,,,,,,,,,,,,,,,,,,,,,,,
SSDPRE X5-30 Test Procedure 081226.pdf,,,,,,,,,,,,,,,,,,,,,,,,,,,,,,
StandardOfCare_Sample5.docx,,,,,,,,,,,,,,,,,,,,,,,,,,,,,,
Stars and the Moon - D Major - MN0178575.pdf,,,,,,,,,,,,,,,,,,,,,,,,,,,,,,
stereograms.zip,,,,,,,,,,,,,,,,,,,,,,,,,,,,,,
story-aggregate-8-5-2009.docx,,,,,,,,,,,,,,,,,,,,,,,,,,,,,,
tales-to-marissa.zip,,,,,,,,,,,,,,,,,,,,,,,,,,,,,,
Template 2.docx,,,,,,,,,,,,,,,,,,,,,,,,,,,,,,
Template 3.docx,,,,,,,,,,,,,,,,,,,,,,,,,,,,,,
Template 4.docx,,,,,,,,,,,,,,,,,,,,,,,,,,,,,,
Template 5.docx,,,,,,,,,,,,,,,,,,,,,,,,,,,,,,
Template.docx,,,,,,,,,,,,,,,,,,,,,,,,,,,,,,
tenth-grade-notebook.zip,,,,,,,,,,,,,,,,,,,,,,,,,,,,,,
Term Sheet Ideas.docx,,,,,,,,,,,,,,,,,,,,,,,,,,,,,,
Test 1.xlsx,,,,,,,,,,,,,,,,,,,,,,,,,,,,,,
Test new TOPaZ.mup,,,,,,,,,,,,,,,,,,,,,,,,,,,,,,
The reaches of vicarious liability.docx,,,,,,,,,,,,,,,,,,,,,,,,,,,,,,
The Story of Mel.pdf,,,,,,,,,,,,,,,,,,,,,,,,,,,,,,
things to do with Han.xlsx,,,,,,,,,,,,,,,,,,,,,,,,,,,,,,
timeline.pdf,,,,,,,,,,,,,,,,,,,,,,,,,,,,,,
TLAO Letter.docx,,,,,,,,,,,,,,,,,,,,,,,,,,,,,,
tomboy-notes.zip,,,,,,,,,,,,,,,,,,,,,,,,,,,,,,
too-impatient-to-take-the-bus.zip,,,,,,,,,,,,,,,,,,,,,,,,,,,,,,
TOPaZ User Manual.odt,,,,,,,,,,,,,,,,,,,,,,,,,,,,,,
TOPaZ User Manual.odt.docx,,,,,,,,,,,,,,,,,,,,,,,,,,,,,,
topaz-numbers.xlsx,,,,,,,,,,,,,,,,,,,,,,,,,,,,,,
ucrt.zip,,,,,,,,,,,,,,,,,,,,,,,,,,,,,,
ultramarine-na-annotated.svg,,,,,,,,,,,,,,,,,,,,,,,,,,,,,,
Untitled Diagram.html,,,,,,,,,,,,,,,,,,,,,,,,,,,,,,
Untitled Diagram.html,,,,,,,,,,,,,,,,,,,,,,,,,,,,,,
Untitled Diagram.html,,,,,,,,,,,,,,,,,,,,,,,,,,,,,,
Untitled Diagram.html,,,,,,,,,,,,,,,,,,,,,,,,,,,,,,
Untitled Diagram.html,,,,,,,,,,,,,,,,,,,,,,,,,,,,,,
Untitled Diagram.html,,,,,,,,,,,,,,,,,,,,,,,,,,,,,,
Untitled document.docx,,,,,,,,,,,,,,,,,,,,,,,,,,,,,,
Untitled document.docx,,,,,,,,,,,,,,,,,,,,,,,,,,,,,,
Untitled document.docx,,,,,,,,,,,,,,,,,,,,,,,,,,,,,,
Untitled document.docx,,,,,,,,,,,,,,,,,,,,,,,,,,,,,,
Untitled document.docx,,,,,,,,,,,,,,,,,,,,,,,,,,,,,,
Untitled document.docx,,,,,,,,,,,,,,,,,,,,,,,,,,,,,,
Untitled document.docx,,,,,,,,,,,,,,,,,,,,,,,,,,,,,,
Untitled document.docx,,,,,,,,,,,,,,,,,,,,,,,,,,,,,,
Untitled document.docx,,,,,,,,,,,,,,,,,,,,,,,,,,,,,,
Untitled document.docx,,,,,,,,,,,,,,,,,,,,,,,,,,,,,,
Untitled document.docx,,,,,,,,,,,,,,,,,,,,,,,,,,,,,,
Untitled document.docx,,,,,,,,,,,,,,,,,,,,,,,,,,,,,,
Untitled document.docx,,,,,,,,,,,,,,,,,,,,,,,,,,,,,,
Untitled document.docx,,,,,,,,,,,,,,,,,,,,,,,,,,,,,,
Untitled document.docx,,,,,,,,,,,,,,,,,,,,,,,,,,,,,,
Untitled document.docx,,,,,,,,,,,,,,,,,,,,,,,,,,,,,,
Untitled document.docx,,,,,,,,,,,,,,,,,,,,,,,,,,,,,,
Untitled document.docx,,,,,,,,,,,,,,,,,,,,,,,,,,,,,,
Untitled document.docx,,,,,,,,,,,,,,,,,,,,,,,,,,,,,,
Untitled document.docx,,,,,,,,,,,,,,,,,,,,,,,,,,,,,,
Untitled document.docx,,,,,,,,,,,,,,,,,,,,,,,,,,,,,,
Untitled document.docx,,,,,,,,,,,,,,,,,,,,,,,,,,,,,,
Untitled document.docx,,,,,,,,,,,,,,,,,,,,,,,,,,,,,,
Untitled document.docx,,,,,,,,,,,,,,,,,,,,,,,,,,,,,,
Untitled document.docx,,,,,,,,,,,,,,,,,,,,,,,,,,,,,,
Untitled document.docx,,,,,,,,,,,,,,,,,,,,,,,,,,,,,,
Untitled document.docx,,,,,,,,,,,,,,,,,,,,,,,,,,,,,,
Untitled document.docx,,,,,,,,,,,,,,,,,,,,,,,,,,,,,,
Untitled document.docx,,,,,,,,,,,,,,,,,,,,,,,,,,,,,,
Untitled document.docx,,,,,,,,,,,,,,,,,,,,,,,,,,,,,,
Untitled document.docx,,,,,,,,,,,,,,,,,,,,,,,,,,,,,,
Untitled document.pdf,,,,,,,,,,,,,,,,,,,,,,,,,,,,,,
Untitled drawing.svg,,,,,,,,,,,,,,,,,,,,,,,,,,,,,,
Untitled drawing.svg,,,,,,,,,,,,,,,,,,,,,,,,,,,,,,
Untitled drawing.svg,,,,,,,,,,,,,,,,,,,,,,,,,,,,,,
Untitled drawing.svg,,,,,,,,,,,,,,,,,,,,,,,,,,,,,,
Untitled Presentation.pptx,,,,,,,,,,,,,,,,,,,,,,,,,,,,,,
Untitled presentation.pptx,,,,,,,,,,,,,,,,,,,,,,,,,,,,,,
Untitled spreadsheet.xlsx,,,,,,,,,,,,,,,,,,,,,,,,,,,,,,
Untitled spreadsheet.xlsx,,,,,,,,,,,,,,,,,,,,,,,,,,,,,,
Untitled spreadsheet.xlsx,,,,,,,,,,,,,,,,,,,,,,,,,,,,,,
Untitled spreadsheet.xlsx,,,,,,,,,,,,,,,,,,,,,,,,,,,,,,
Untitled spreadsheet.xlsx,,,,,,,,,,,,,,,,,,,,,,,,,,,,,,
Untitled spreadsheet.xlsx,,,,,,,,,,,,,,,,,,,,,,,,,,,,,,
Untitled spreadsheet.xlsx,,,,,,,,,,,,,,,,,,,,,,,,,,,,,,
Untitled spreadsheet.xlsx,,,,,,,,,,,,,,,,,,,,,,,,,,,,,,
Untitled spreadsheet.xlsx,,,,,,,,,,,,,,,,,,,,,,,,,,,,,,
Untitled spreadsheet.xlsx,,,,,,,,,,,,,,,,,,,,,,,,,,,,,,
Untitled spreadsheet.xlsx,,,,,,,,,,,,,,,,,,,,,,,,,,,,,,
Untitled spreadsheet.xlsx,,,,,,,,,,,,,,,,,,,,,,,,,,,,,,
Untitled spreadsheet.xlsx,,,,,,,,,,,,,,,,,,,,,,,,,,,,,,
Untitled spreadsheet.xlsx,,,,,,,,,,,,,,,,,,,,,,,,,,,,,,
Untitled spreadsheet.xlsx,,,,,,,,,,,,,,,,,,,,,,,,,,,,,,
Untitled spreadsheet.xlsx,,,,,,,,,,,,,,,,,,,,,,,,,,,,,,
Untitled spreadsheet.xlsx,,,,,,,,,,,,,,,,,,,,,,,,,,,,,,
untitled.txt,,,,,,,,,,,,,,,,,,,,,,,,,,,,,,
Usage checks.xlsx,,,,,,,,,,,,,,,,,,,,,,,,,,,,,,
UseCases.xlsx,,,,,,,,,,,,,,,,,,,,,,,,,,,,,,
VC arch.html,,,,,,,,,,,,,,,,,,,,,,,,,,,,,,
VC Bias Control.html,,,,,,,,,,,,,,,,,,,,,,,,,,,,,,
vex.zip,,,,,,,,,,,,,,,,,,,,,,,,,,,,,,
Volumes.xlsx,,,,,,,,,,,,,,,,,,,,,,,,,,,,,,
WarburtonICCD.pdf,,,,,,,,,,,,,,,,,,,,,,,,,,,,,,
what-thesis.docx,,,,,,,,,,,,,,,,,,,,,,,,,,,,,,
wink-gif-small.gif,,,,,,,,,,,,,,,,,,,,,,,,,,,,,,
wordhashtable.list,,,,,,,,,,,,,,,,,,,,,,,,,,,,,,
xps-source.zip,,,,,,,,,,,,,,,,,,,,,,,,,,,,,,
xps-stuff.zip,,,,,,,,,,,,,,,,,,,,,,,,,,,,,,
XRF Acquisition Setup 1.1.4.msi,,,,,,,,,,,,,,,,,,,,,,,,,,,,,,
XRF Acquisition Setup 1.1.5.msi,,,,,,,,,,,,,,,,,,,,,,,,,,,,,,
XRF Acquisition Setup 1.1.6.msi,,,,,,,,,,,,,,,,,,,,,,,,,,,,,,
습관악보.pdf,,,,,,,,,,,,,,,,,,,,,,,,,,,,,,
